{
	"visualizations": {
		"viz_O5phMeI1": {
			"type": "viz.column",
			"dataSources": {
				"primary": "ds_tBjh28E1"
			},
			"title": "Bank Roll Delta by 10k Batch",
			"options": {
				"legend.labelStyle.overflowMode": "ellipsisNone",
				"axisTitleX.text": "Round",
				"axisTitleY.text": "Bank Roll Delta"
			}
		},
		"viz_dVcLyQm7": {
			"type": "viz.column",
			"options": {
				"chart.showDataLabels": "all",
				"axisTitleY.text": "mean bank roll delta after 10k rounds",
				"legend.labelStyle.overflowMode": "ellipsisNone"
			},
			"dataSources": {
				"primary": "ds_szJWPqwb"
			},
			"title": "Mean Bank Roll Delta After 16k, 10k Rounds of Black Jack"
		},
		"viz_zMw0lXJB": {
			"type": "viz.column",
			"options": {
				"legend.labelStyle.overflowMode": "ellipsisNone",
				"axisTitleX.text": "",
				"chart.showDataLabels": "all",
				"axisTitleY.text": "standard deviation of bankroll delta"
			},
			"dataSources": {
				"primary": "ds_cyR4l7EM"
			},
			"title": "Standard Deviation of Bank Roll Delta after 16k, 10k Rounds of BlackJack"
		},
		"viz_AtqwQie1": {
			"type": "viz.column",
			"dataSources": {
				"primary": "ds_W8eEm7e0_ds_tBjh28E1"
			},
			"title": "Bank Roll Delta by 1k Batch",
			"options": {
				"legend.labelStyle.overflowMode": "ellipsisNone",
				"axisTitleX.text": "Round",
				"axisTitleY.text": "Bank Roll Delta"
			}
		},
		"viz_S5GxaOTa": {
			"type": "viz.column",
			"options": {
				"chart.showDataLabels": "all",
				"axisTitleY.text": "mean bank roll delta after 1k rounds",
				"legend.labelStyle.overflowMode": "ellipsisNone"
			},
			"dataSources": {
				"primary": "ds_6zJy7QtU_ds_szJWPqwb"
			},
			"title": "Mean Bank Roll Delta After 16k, 1k Rounds of Black Jack"
		},
		"viz_1ZdsIEvQ": {
			"type": "viz.column",
			"options": {
				"legend.labelStyle.overflowMode": "ellipsisNone",
				"axisTitleX.text": "",
				"chart.showDataLabels": "all",
				"axisTitleY.text": "standard deviation"
			},
			"dataSources": {
				"primary": "ds_N0GaA1sm_ds_cyR4l7EM"
			},
			"title": "Standard Deviation of Bank Roll Delta after 16k, 1k Rounds of BlackJack"
		}
	},
	"dataSources": {
		"ds_tBjh28E1": {
			"type": "ds.search",
			"options": {
				"query": "sourcetype=\"_json\"source=\"10k-rounds_5k-bankroll_15_ordered_w_index.json\" host=\"so1\" sourcetype=\"_json\" \n| foreach PLAYER_STATS.PLAYER_*._* [eval PLAYER_STATS.PLAYER_<<MATCHSEG1>>._BANKROLL_DELTA='PLAYER_STATS.PLAYER_<<MATCHSEG1>>._END_BANKROLL'-'PLAYER_STATS.PLAYER_<<MATCHSEG1>>._START_BANKROLL']\n| table extracted_INDEX, *BANKROLL_DELTA"
			},
			"name": "BankRoll Delta By Batch"
		},
		"ds_szJWPqwb": {
			"type": "ds.search",
			"options": {
				"query": "sourcetype=\"_json\"source=\"10k-rounds_5k-bankroll_15_ordered_w_index.json\" host=\"so1\" sourcetype=\"_json\" \n| foreach PLAYER_STATS.PLAYER_*._* [eval PLAYER_STATS.PLAYER_<<MATCHSEG1>>._BANKROLL_DELTA='PLAYER_STATS.PLAYER_<<MATCHSEG1>>._END_BANKROLL'-'PLAYER_STATS.PLAYER_<<MATCHSEG1>>._START_BANKROLL']\n| stats mean(*BANKROLL_DELTA) AS *BANKROLL_DELTA by host"
			},
			"name": "160m_rounds_10k_round_batches_15bu_5kBR_bankroll_delta_mean"
		},
		"ds_590dpszU_ds_szJWPqwb": {
			"type": "ds.search",
			"options": {
				"query": "sourcetype=\"_json\"source=\"10k-rounds_5k-bankroll_15_ordered_w_index.json\" host=\"so1\" sourcetype=\"_json\" \n| foreach PLAYER_STATS.PLAYER_*._* [eval PLAYER_STATS.PLAYER_<<MATCHSEG1>>._BANKROLL_DELTA='PLAYER_STATS.PLAYER_<<MATCHSEG1>>._END_BANKROLL'-'PLAYER_STATS.PLAYER_<<MATCHSEG1>>._START_BANKROLL']\n| stats mean(*BANKROLL_DELTA) AS *BANKROLL_DELTA by host"
			},
			"name": "Copy of 160m_rounds_10k_round_batches_15bu_5kBR_bankroll_delta_mean"
		},
		"ds_cyR4l7EM": {
			"type": "ds.search",
			"options": {
				"query": "sourcetype=\"_json\"source=\"10k-rounds_5k-bankroll_15_ordered_w_index.json\" host=\"so1\" sourcetype=\"_json\" \n| foreach PLAYER_STATS.PLAYER_*._* [eval PLAYER_STATS.PLAYER_<<MATCHSEG1>>._BANKROLL_DELTA='PLAYER_STATS.PLAYER_<<MATCHSEG1>>._END_BANKROLL'-'PLAYER_STATS.PLAYER_<<MATCHSEG1>>._START_BANKROLL']\n| stats stdev(*BANKROLL_DELTA) AS *BANKROLL_DELTA by host"
			},
			"name": "160m_rounds_10k_round_batches_15bu_5k_bankroll_stdev_brdelta"
		},
		"ds_W8eEm7e0_ds_tBjh28E1": {
			"type": "ds.search",
			"options": {
				"query": "sourcetype=\"_json\"source=\"1k-rounds_5k-bankroll_15_ordered_w_index.json\" host=\"so1\" sourcetype=\"_json\" \n| foreach PLAYER_STATS.PLAYER_*._* [eval PLAYER_STATS.PLAYER_<<MATCHSEG1>>._BANKROLL_DELTA='PLAYER_STATS.PLAYER_<<MATCHSEG1>>._END_BANKROLL'-'PLAYER_STATS.PLAYER_<<MATCHSEG1>>._START_BANKROLL']\n| table extracted_INDEX, *BANKROLL_DELTA"
			},
			"name": "Copy of BankRoll Delta By Batch"
		},
		"ds_6zJy7QtU_ds_szJWPqwb": {
			"type": "ds.search",
			"options": {
				"query": "sourcetype=\"_json\"source=\"1k-rounds_5k-bankroll_15_ordered_w_index.json\" host=\"so1\" sourcetype=\"_json\" \n| foreach PLAYER_STATS.PLAYER_*._* [eval PLAYER_STATS.PLAYER_<<MATCHSEG1>>._BANKROLL_DELTA='PLAYER_STATS.PLAYER_<<MATCHSEG1>>._END_BANKROLL'-'PLAYER_STATS.PLAYER_<<MATCHSEG1>>._START_BANKROLL']\n| stats mean(*BANKROLL_DELTA) AS *BANKROLL_DELTA by host"
			},
			"name": "Copy of 160m_rounds_10k_round_batches_15bu_5kBR_bankroll_delta_mean"
		},
		"ds_N0GaA1sm_ds_cyR4l7EM": {
			"type": "ds.search",
			"options": {
				"query": "sourcetype=\"_json\"source=\"1k-rounds_5k-bankroll_15_ordered_w_index.json\" host=\"so1\" sourcetype=\"_json\" \n| foreach PLAYER_STATS.PLAYER_*._* [eval PLAYER_STATS.PLAYER_<<MATCHSEG1>>._BANKROLL_DELTA='PLAYER_STATS.PLAYER_<<MATCHSEG1>>._END_BANKROLL'-'PLAYER_STATS.PLAYER_<<MATCHSEG1>>._START_BANKROLL']\n| stats stdev(*BANKROLL_DELTA) AS *BANKROLL_DELTA by host"
			},
			"name": "Copy of 160m_rounds_10k_round_batches_15bu_5k_bankroll_stdev_brdelta"
		}
	},
	"defaults": {
		"dataSources": {
			"ds.search": {
				"options": {
					"queryParameters": {
						"latest": "$global_time.latest$",
						"earliest": "$global_time.earliest$"
					}
				}
			}
		}
	},
	"inputs": {
		"input_global_trp": {
			"type": "input.timerange",
			"options": {
				"token": "global_time",
				"defaultValue": "-24h@h,now"
			},
			"title": "Global Time Range"
		}
	},
	"layout": {
		"type": "grid",
		"options": {},
		"structure": [
			{
				"item": "viz_AtqwQie1",
				"type": "block",
				"position": {
					"x": 0,
					"y": 0,
					"w": 1200,
					"h": 240
				}
			},
			{
				"item": "viz_O5phMeI1",
				"type": "block",
				"position": {
					"x": 0,
					"y": 240,
					"w": 1200,
					"h": 239
				}
			},
			{
				"item": "viz_S5GxaOTa",
				"type": "block",
				"position": {
					"x": 0,
					"y": 479,
					"w": 1200,
					"h": 368
				}
			},
			{
				"item": "viz_dVcLyQm7",
				"type": "block",
				"position": {
					"x": 0,
					"y": 847,
					"w": 1200,
					"h": 367
				}
			},
			{
				"item": "viz_1ZdsIEvQ",
				"type": "block",
				"position": {
					"x": 0,
					"y": 1214,
					"w": 1200,
					"h": 368
				}
			},
			{
				"item": "viz_zMw0lXJB",
				"type": "block",
				"position": {
					"x": 0,
					"y": 1582,
					"w": 1200,
					"h": 359
				}
			}
		],
		"globalInputs": [
			"input_global_trp"
		]
	},
	"description": "",
	"title": "160M Rounds - 1k/10k Round Batches - $15BU - $1.5/5k Bank Roll"
}